{
    "frames": [
        {
            "filename": "m2",
            "frame": {
                "w": 46,
                "h": 31,
                "x": 0,
                "y": 0
            },
            "anchor": {
                "x": 0.5,
                "y": 0.5
            }
        },
        {
            "filename": "m1",
            "frame": {
                "w": 38,
                "h": 25,
                "x": 0,
                "y": 31
            },
            "anchor": {
                "x": 0.5,
                "y": 0.5
            }
        }
    ],
    "meta": {
        "description": "Atlas generado con Atlas Packer Gamma V2",
        "web": "https://gammafp.github.io/atlas-packer-phaser/"
    }
}