{
    "frames": [
        {
            "filename": "wraith_02_idle_blinking_004",
            "frame": {
                "w": 520,
                "h": 420,
                "x": 0,
                "y": 0
            },
            "anchor": {
                "x": 0.5,
                "y": 0.5
            }
        },
        {
            "filename": "wraith_02_idle_blinking_005",
            "frame": {
                "w": 520,
                "h": 420,
                "x": 0,
                "y": 420
            },
            "anchor": {
                "x": 0.5,
                "y": 0.5
            }
        }
    ],
    "meta": {
        "description": "Atlas generado con Atlas Packer Gamma V2",
        "web": "https://gammafp.github.io/atlas-packer-phaser/"
    }
}