{
    "frames": [
        {
            "filename": "d2",
            "frame": {
                "w": 53,
                "h": 38,
                "x": 0,
                "y": 0
            },
            "anchor": {
                "x": 0.5,
                "y": 0.5
            }
        },
        {
            "filename": "d1",
            "frame": {
                "w": 44,
                "h": 43,
                "x": 0,
                "y": 38
            },
            "anchor": {
                "x": 0.5,
                "y": 0.5
            }
        }
    ],
    "meta": {
        "description": "Atlas generado con Atlas Packer Gamma V2",
        "web": "https://gammafp.github.io/atlas-packer-phaser/"
    }
}