{
    "frames": [
        {
            "filename": "p2",
            "frame": {
                "w": 31,
                "h": 14,
                "x": 0,
                "y": 0
            },
            "anchor": {
                "x": 0.5,
                "y": 0.5
            }
        },
        {
            "filename": "p1",
            "frame": {
                "w": 31,
                "h": 26,
                "x": 0,
                "y": 14
            },
            "anchor": {
                "x": 0.5,
                "y": 0.5
            }
        }
    ],
    "meta": {
        "description": "Atlas generado con Atlas Packer Gamma V2",
        "web": "https://gammafp.github.io/atlas-packer-phaser/"
    }
}