{
    "frames": [
        {
            "filename": "b2",
            "frame": {
                "w": 34,
                "h": 27,
                "x": 0,
                "y": 0
            },
            "anchor": {
                "x": 0.5,
                "y": 0.5
            }
        },
        {
            "filename": "b1",
            "frame": {
                "w": 32,
                "h": 25,
                "x": 0,
                "y": 27
            },
            "anchor": {
                "x": 0.5,
                "y": 0.5
            }
        }
    ],
    "meta": {
        "description": "Atlas generado con Atlas Packer Gamma V2",
        "web": "https://gammafp.github.io/atlas-packer-phaser/"
    }
}